frame_id,t_ms,x_cam,y_cam,z_cam,x_world,y_world,z_world,conf
0000,0,-0.04,0.20,3.02,2.86,0.04,0.38,0.85
0001,33,-0.03,0.20,2.99,2.83,0.03,0.38,0.84
0002,67,-0.03,0.20,2.93,2.78,0.03,0.40,0.82
0003,100,-0.03,0.20,2.93,2.78,0.03,0.40,0.81
0004,133,-0.02,0.20,2.90,2.75,0.02,0.40,0.84
0005,167,-0.01,0.20,2.92,2.77,0.01,0.40,0.86
0006,200,0.00,0.20,2.90,2.75,-0.00,0.40,0.86
0007,234,0.01,0.20,2.87,2.72,-0.01,0.41,0.85
0008,267,0.01,0.20,2.87,2.72,-0.01,0.41,0.85
0009,300,0.01,0.21,2.86,2.71,-0.01,0.41,0.78
0010,334,0.02,0.21,2.86,2.71,-0.02,0.41,0.80
0011,367,0.02,0.21,2.83,2.68,-0.02,0.42,0.85
0012,400,0.03,0.21,2.76,2.61,-0.03,0.43,0.84
0013,434,0.03,0.21,2.76,2.61,-0.03,0.43,0.84
0014,467,0.03,0.21,2.73,2.58,-0.03,0.44,0.79
0015,501,0.03,0.21,2.72,2.57,-0.03,0.44,0.79
0016,534,0.04,0.21,2.71,2.57,-0.04,0.44,0.79
0017,567,0.04,0.22,2.71,2.56,-0.04,0.44,0.84
0018,601,0.04,0.22,2.71,2.56,-0.04,0.44,0.83
0019,634,0.04,0.22,2.67,2.53,-0.04,0.45,0.83
0020,667,0.04,0.22,2.63,2.48,-0.04,0.46,0.81
0021,701,0.04,0.22,2.60,2.46,-0.04,0.46,0.80
0022,734,0.04,0.22,2.63,2.48,-0.04,0.46,0.83
0023,767,0.04,0.22,2.63,2.48,-0.04,0.46,0.83
0024,801,0.03,0.22,2.55,2.41,-0.03,0.47,0.82
0025,834,0.03,0.22,2.53,2.39,-0.03,0.48,0.82
0026,868,0.03,0.23,2.52,2.37,-0.03,0.48,0.82
0027,901,0.03,0.23,2.50,2.36,-0.03,0.48,0.84
0028,934,0.03,0.23,2.50,2.36,-0.03,0.48,0.84
0029,968,0.03,0.23,2.48,2.33,-0.03,0.48,0.84
0030,1001,0.02,0.23,2.44,2.29,-0.02,0.49,0.84
0031,1034,0.02,0.24,2.43,2.29,-0.02,0.49,0.85
0032,1068,0.02,0.24,2.41,2.27,-0.02,0.50,0.85
0033,1101,0.02,0.24,2.41,2.27,-0.02,0.50,0.85
0034,1134,0.02,0.24,2.40,2.26,-0.02,0.50,0.86
0035,1168,0.02,0.24,2.39,2.25,-0.02,0.50,0.85
0036,1201,0.02,0.24,2.39,2.24,-0.02,0.50,0.85
0037,1235,0.01,0.24,2.37,2.23,-0.01,0.50,0.84
0038,1268,0.01,0.24,2.37,2.23,-0.01,0.50,0.84
0039,1301,0.01,0.24,2.34,2.20,-0.01,0.51,0.79
0040,1335,0.01,0.23,2.30,2.16,-0.01,0.53,0.60
0046,1535,0.02,0.24,2.22,2.09,-0.02,0.55,0.65
0047,1568,0.03,0.24,2.22,2.08,-0.03,0.55,0.80
0048,1602,0.03,0.24,2.22,2.08,-0.03,0.55,0.80
0049,1635,0.03,0.24,2.22,2.08,-0.03,0.55,0.84
0050,1668,0.03,0.23,2.21,2.08,-0.03,0.55,0.86
0051,1702,0.04,0.23,2.20,2.07,-0.04,0.55,0.87
0052,1735,0.04,0.24,2.18,2.04,-0.04,0.56,0.88
0053,1768,0.04,0.24,2.18,2.04,-0.04,0.56,0.88
0054,1802,0.04,0.24,2.18,2.05,-0.04,0.56,0.88
0055,1835,0.05,0.24,2.18,2.04,-0.05,0.56,0.88
0056,1869,0.05,0.24,2.17,2.03,-0.05,0.56,0.87
0057,1902,0.05,0.24,2.17,2.03,-0.05,0.56,0.88
0058,1935,0.05,0.24,2.17,2.03,-0.05,0.56,0.88
0059,1969,0.06,0.24,2.15,2.01,-0.06,0.57,0.88
0060,2002,0.06,0.24,2.15,2.02,-0.06,0.57,0.88
0061,2035,0.06,0.24,2.15,2.02,-0.06,0.57,0.88
0062,2069,0.06,0.24,2.15,2.01,-0.06,0.57,0.88
0063,2102,0.06,0.24,2.15,2.01,-0.06,0.57,0.88
0064,2135,0.07,0.24,2.15,2.01,-0.07,0.57,0.88
0065,2169,0.07,0.24,2.16,2.02,-0.07,0.57,0.87
0066,2202,0.07,0.23,2.16,2.03,-0.07,0.56,0.87
0067,2236,0.07,0.23,2.17,2.03,-0.07,0.56,0.87
0068,2269,0.07,0.23,2.17,2.03,-0.07,0.56,0.87
0069,2302,0.07,0.23,2.18,2.04,-0.07,0.56,0.87
0070,2336,0.06,0.23,2.19,2.06,-0.06,0.56,0.87
0071,2369,0.06,0.23,2.20,2.07,-0.06,0.55,0.87
0072,2402,0.06,0.23,2.21,2.08,-0.06,0.55,0.87
0073,2436,0.06,0.23,2.21,2.08,-0.06,0.55,0.87
0074,2469,0.06,0.23,2.21,2.08,-0.06,0.55,0.87
0075,2502,0.05,0.23,2.24,2.10,-0.05,0.55,0.86
0076,2536,0.05,0.23,2.26,2.12,-0.05,0.54,0.86
0077,2569,0.04,0.23,2.26,2.12,-0.04,0.54,0.85
0078,2603,0.04,0.23,2.26,2.12,-0.04,0.54,0.85
0079,2636,0.03,0.23,2.27,2.14,-0.03,0.54,0.85
0080,2669,0.03,0.23,2.28,2.14,-0.03,0.54,0.84
0081,2703,0.02,0.23,2.29,2.15,-0.02,0.53,0.83
0082,2736,0.01,0.23,2.31,2.17,-0.01,0.53,0.81
0083,2769,0.01,0.23,2.31,2.17,-0.01,0.53,0.81
0084,2803,0.00,0.23,2.31,2.17,-0.00,0.53,0.79
0085,2836,-0.00,0.23,2.34,2.20,0.00,0.52,0.77
0086,2870,-0.01,0.23,2.36,2.22,0.01,0.52,0.77
0087,2903,-0.03,0.23,2.34,2.20,0.03,0.52,0.80
0088,2936,-0.03,0.23,2.34,2.20,0.03,0.52,0.80
0089,2970,-0.04,0.23,2.34,2.20,0.04,0.52,0.81
0090,3003,-0.05,0.23,2.37,2.23,0.05,0.51,0.81
0091,3036,-0.06,0.23,2.38,2.24,0.06,0.51,0.82
0092,3070,-0.07,0.23,2.40,2.26,0.07,0.51,0.81
0093,3103,-0.07,0.23,2.40,2.26,0.07,0.51,0.81
0094,3136,-0.09,0.23,2.43,2.29,0.09,0.50,0.81
0095,3170,-0.10,0.22,2.44,2.30,0.10,0.50,0.82
0096,3203,-0.11,0.22,2.44,2.30,0.11,0.50,0.82
0097,3237,-0.12,0.22,2.45,2.31,0.12,0.50,0.81
0098,3270,-0.12,0.22,2.45,2.31,0.12,0.50,0.81
0099,3303,-0.13,0.22,2.46,2.32,0.13,0.50,0.78
0100,3337,-0.14,0.22,2.47,2.33,0.14,0.49,0.79
0101,3370,-0.16,0.22,2.46,2.32,0.16,0.50,0.75
0102,3403,-0.17,0.22,2.50,2.36,0.17,0.49,0.72
0103,3437,-0.17,0.22,2.50,2.36,0.17,0.49,0.72
0104,3470,-0.18,0.22,2.53,2.38,0.18,0.48,0.65
0105,3504,-0.20,0.22,2.53,2.38,0.20,0.48,0.54
0109,3637,-0.26,0.22,2.61,2.47,0.26,0.46,0.57
0110,3670,-0.27,0.22,2.63,2.49,0.27,0.45,0.57
0115,3837,-0.35,0.22,2.89,2.74,0.35,0.39,0.53
0116,3871,-0.36,0.22,2.93,2.77,0.36,0.38,0.70
0117,3904,-0.38,0.22,2.95,2.79,0.38,0.37,0.77
0118,3937,-0.38,0.22,2.95,2.79,0.38,0.37,0.77
0119,3971,-0.40,0.22,2.96,2.80,0.40,0.37,0.79
0120,4004,-0.42,0.22,2.98,2.82,0.42,0.37,0.79
0121,4037,-0.43,0.22,3.00,2.84,0.43,0.37,0.77
0122,4071,-0.45,0.21,3.06,2.90,0.45,0.35,0.54
0123,4104,-0.45,0.21,3.06,2.90,0.45,0.35,0.52
0124,4137,-0.47,0.21,3.02,2.86,0.47,0.37,0.84
0125,4171,-0.48,0.21,3.04,2.88,0.48,0.36,0.86
0126,4204,-0.51,0.21,3.10,2.94,0.51,0.35,0.87
0127,4238,-0.53,0.21,3.15,2.99,0.53,0.34,0.85
0128,4271,-0.53,0.21,3.15,2.99,0.53,0.34,0.85
0129,4304,-0.57,0.20,3.21,3.05,0.57,0.33,0.85
0130,4338,-0.58,0.19,3.17,3.01,0.58,0.34,0.85
0131,4371,-0.60,0.19,3.22,3.06,0.60,0.33,0.85
0132,4404,-0.61,0.19,3.24,3.08,0.61,0.33,0.85
0133,4438,-0.61,0.19,3.26,3.10,0.61,0.33,0.85
0134,4471,-0.63,0.18,3.28,3.12,0.63,0.32,0.85
0135,4504,-0.64,0.18,3.30,3.14,0.64,0.32,0.86
0136,4538,-0.65,0.18,3.28,3.12,0.65,0.33,0.87
0137,4571,-0.67,0.18,3.29,3.13,0.67,0.32,0.88
0138,4605,-0.67,0.18,3.29,3.13,0.67,0.32,0.88
0139,4638,-0.69,0.18,3.29,3.13,0.69,0.32,0.71
0140,4671,-0.71,0.18,3.31,3.16,0.71,0.32,0.82
0141,4705,-0.72,0.17,3.30,3.15,0.72,0.33,0.82
0142,4738,-0.75,0.17,3.35,3.19,0.75,0.32,0.82
0143,4771,-0.75,0.17,3.35,3.19,0.75,0.32,0.82
0144,4805,-0.78,0.17,3.40,3.24,0.78,0.31,0.83
0145,4838,-0.79,0.17,3.39,3.23,0.79,0.31,0.84
0146,4872,-0.80,0.17,3.39,3.23,0.80,0.31,0.85
0147,4905,-0.83,0.17,3.47,3.30,0.83,0.29,0.85
0148,4938,-0.83,0.17,3.47,3.30,0.83,0.29,0.85
0149,4972,-0.86,0.16,3.55,3.38,0.86,0.27,0.86
0150,5005,-0.89,0.16,3.60,3.44,0.89,0.26,0.85
0151,5038,-0.90,0.16,3.63,3.47,0.90,0.26,0.84
0152,5072,-0.91,0.16,3.60,3.44,0.91,0.27,0.82
0153,5105,-0.91,0.16,3.60,3.44,0.91,0.27,0.82
0154,5138,-0.92,0.15,3.65,3.48,0.92,0.26,0.83
0155,5172,-0.96,0.15,3.71,3.54,0.96,0.25,0.84
0156,5205,-0.96,0.15,3.68,3.51,0.96,0.25,0.85
0157,5239,-0.97,0.15,3.69,3.53,0.97,0.25,0.85
0158,5272,-0.97,0.15,3.69,3.53,0.97,0.25,0.85
0159,5305,-0.98,0.15,3.68,3.51,0.98,0.25,0.85
0160,5339,-0.99,0.15,3.71,3.54,0.99,0.25,0.84
0161,5372,-0.99,0.15,3.71,3.54,0.99,0.25,0.83
0162,5405,-1.00,0.15,3.74,3.57,1.00,0.24,0.82
0163,5439,-1.00,0.15,3.74,3.57,1.00,0.24,0.82
0164,5472,-1.01,0.15,3.77,3.60,1.01,0.23,0.80
0165,5506,-1.03,0.14,3.83,3.66,1.03,0.22,0.78
0166,5539,-1.06,0.14,3.91,3.74,1.06,0.20,0.77
0167,5572,-1.06,0.14,3.90,3.73,1.06,0.20,0.76
0168,5606,-1.07,0.14,3.91,3.74,1.07,0.20,0.76
0169,5639,-1.07,0.14,3.91,3.74,1.07,0.20,0.77
0170,5672,-1.07,0.14,3.90,3.73,1.07,0.20,0.78
0171,5706,-1.07,0.14,3.91,3.74,1.07,0.20,0.79
0172,5739,-1.08,0.14,3.93,3.76,1.08,0.19,0.80
0173,5772,-1.08,0.14,3.93,3.76,1.08,0.19,0.80
0175,5839,-1.07,0.14,3.91,3.74,1.07,0.20,0.76
0176,5873,-1.07,0.14,3.91,3.74,1.07,0.20,0.75
0177,5906,-1.08,0.14,3.93,3.76,1.08,0.19,0.76
0178,5939,-1.08,0.14,3.95,3.78,1.08,0.19,0.76
0179,5973,-1.09,0.14,3.96,3.79,1.09,0.19,0.77
0180,6006,-1.09,0.14,3.98,3.81,1.09,0.18,0.78
0181,6039,-1.09,0.14,3.98,3.81,1.09,0.18,0.78
0182,6073,-1.10,0.14,4.00,3.83,1.10,0.18,0.78
0183,6106,-1.10,0.14,4.00,3.83,1.10,0.18,0.78
0184,6139,-1.10,0.14,4.00,3.83,1.10,0.18,0.78
0185,6173,-1.09,0.14,4.00,3.83,1.09,0.18,0.78
0186,6206,-1.10,0.14,4.00,3.83,1.10,0.18,0.79
0187,6240,-1.10,0.14,4.02,3.84,1.10,0.18,0.79
0188,6273,-1.10,0.14,4.02,3.84,1.10,0.18,0.79
0189,6306,-1.10,0.14,4.02,3.84,1.10,0.18,0.79
0190,6340,-1.10,0.14,4.02,3.84,1.10,0.18,0.79
0191,6373,-1.10,0.14,4.02,3.84,1.10,0.18,0.79
0192,6406,-1.10,0.14,4.02,3.84,1.10,0.18,0.79
0193,6440,-1.10,0.14,4.02,3.84,1.10,0.18,0.79
0194,6473,-1.10,0.14,4.02,3.84,1.10,0.18,0.79
0195,6506,-1.10,0.14,4.02,3.84,1.10,0.18,0.79
0196,6540,-1.10,0.14,4.02,3.84,1.10,0.18,0.79
0197,6573,-1.10,0.14,4.02,3.84,1.10,0.18,0.79
0198,6607,-1.10,0.14,4.02,3.84,1.10,0.18,0.79
0199,6640,-1.10,0.14,4.02,3.84,1.10,0.18,0.79
0200,6673,-1.10,0.14,4.02,3.84,1.10,0.18,0.79
0201,6707,-1.10,0.14,4.02,3.84,1.10,0.18,0.79
0202,6740,-1.10,0.14,4.02,3.84,1.10,0.18,0.79
0203,6773,-1.10,0.14,4.02,3.84,1.10,0.18,0.79
0204,6807,-1.10,0.14,4.02,3.84,1.10,0.18,0.79
0205,6840,-1.10,0.14,4.02,3.84,1.10,0.18,0.79
0206,6874,-1.10,0.14,4.02,3.84,1.10,0.18,0.78
0207,6907,-1.10,0.14,4.02,3.84,1.10,0.18,0.78
0208,6940,-1.10,0.14,4.02,3.84,1.10,0.18,0.78
0209,6974,-1.10,0.14,4.02,3.84,1.10,0.18,0.79
0210,7007,-1.10,0.14,4.02,3.84,1.10,0.18,0.79
0211,7040,-1.10,0.14,4.02,3.84,1.10,0.18,0.79
0212,7074,-1.10,0.14,4.02,3.84,1.10,0.18,0.79
0213,7107,-1.10,0.14,4.02,3.84,1.10,0.18,0.79
0214,7140,-1.10,0.14,4.02,3.84,1.10,0.18,0.79
0215,7174,-1.10,0.14,4.02,3.84,1.10,0.18,0.79
0216,7207,-1.10,0.14,4.02,3.84,1.10,0.18,0.78
0217,7241,-1.10,0.14,4.02,3.84,1.10,0.18,0.78
0218,7274,-1.10,0.14,4.02,3.84,1.10,0.18,0.78
0219,7307,-1.10,0.14,4.02,3.84,1.10,0.18,0.78
0220,7341,-1.10,0.14,4.00,3.83,1.10,0.18,0.78
0221,7374,-1.10,0.14,4.00,3.83,1.10,0.18,0.78
0222,7407,-1.10,0.14,4.00,3.83,1.10,0.18,0.78
0223,7441,-1.10,0.14,4.02,3.84,1.10,0.18,0.78
0224,7474,-1.10,0.14,4.00,3.83,1.10,0.18,0.77
0225,7508,-1.10,0.14,4.00,3.83,1.10,0.18,0.76
0226,7541,-1.10,0.14,4.00,3.83,1.10,0.18,0.75
0227,7574,-1.12,0.14,4.07,3.90,1.12,0.16,0.72
0228,7608,-1.11,0.14,4.05,3.88,1.11,0.17,0.70
0229,7641,-1.11,0.14,4.05,3.88,1.11,0.17,0.74
0230,7674,-1.11,0.14,4.05,3.88,1.11,0.17,0.77
0231,7708,-1.11,0.14,4.05,3.88,1.11,0.17,0.78
0232,7741,-1.10,0.14,4.03,3.86,1.10,0.18,0.76
0233,7774,-1.10,0.14,4.03,3.86,1.10,0.18,0.76
0234,7808,-1.09,0.14,4.00,3.83,1.09,0.18,0.75
0235,7841,-1.10,0.14,4.02,3.84,1.10,0.18,0.74
0236,7875,-1.09,0.14,4.00,3.83,1.09,0.18,0.73
0237,7908,-1.10,0.14,4.02,3.84,1.10,0.18,0.74
0238,7941,-1.10,0.14,4.02,3.84,1.10,0.18,0.74
0239,7975,-1.09,0.14,4.00,3.83,1.09,0.18,0.74
0240,8008,-1.10,0.14,4.03,3.86,1.10,0.18,0.74
0241,8041,-1.10,0.14,4.03,3.86,1.10,0.18,0.74
0242,8075,-1.10,0.14,4.03,3.86,1.10,0.18,0.73
0243,8108,-1.11,0.14,4.03,3.86,1.11,0.18,0.73
0244,8141,-1.11,0.14,4.03,3.86,1.11,0.18,0.74
0245,8175,-1.11,0.13,4.05,3.88,1.11,0.17,0.66
0246,8208,-1.11,0.13,4.05,3.88,1.11,0.17,0.65
0247,8242,-1.11,0.13,4.05,3.88,1.11,0.17,0.73
0249,8308,-1.12,0.14,4.07,3.90,1.12,0.17,0.57
0250,8342,-1.09,0.13,3.98,3.81,1.09,0.19,0.58
0251,8375,-1.09,0.13,3.98,3.81,1.09,0.19,0.56
0252,8408,-1.09,0.13,4.00,3.83,1.09,0.19,0.72
0253,8442,-1.08,0.14,4.02,3.84,1.08,0.18,0.77
0254,8475,-1.08,0.13,4.03,3.86,1.08,0.18,0.79
0255,8508,-1.08,0.14,4.02,3.84,1.08,0.18,0.77
0256,8542,-1.08,0.14,4.02,3.84,1.08,0.18,0.77
0257,8575,-1.08,0.13,4.03,3.86,1.08,0.18,0.79
0258,8609,-1.06,0.14,4.02,3.84,1.06,0.18,0.79
0259,8642,-1.05,0.14,3.98,3.81,1.05,0.19,0.79
0260,8675,-1.04,0.14,3.98,3.81,1.04,0.18,0.78
0261,8709,-1.04,0.14,3.98,3.81,1.04,0.18,0.78
0262,8742,-1.03,0.14,4.00,3.83,1.03,0.18,0.78
0263,8775,-1.01,0.14,4.00,3.83,1.01,0.18,0.80
0264,8809,-1.00,0.14,4.00,3.83,1.00,0.18,0.81
0265,8842,-1.00,0.14,4.02,3.84,1.00,0.18,0.81
0266,8876,-1.00,0.14,4.02,3.84,1.00,0.18,0.81
0267,8909,-0.99,0.14,4.02,3.84,0.99,0.18,0.81
0268,8942,-0.98,0.14,3.98,3.81,0.98,0.19,0.80
0269,8976,-0.98,0.14,4.02,3.84,0.98,0.18,0.78
0270,9009,-0.99,0.14,4.07,3.90,0.99,0.16,0.62
0271,9042,-0.99,0.14,4.07,3.90,0.99,0.16,0.60
0272,9076,-0.96,0.14,4.02,3.84,0.96,0.18,0.72
0273,9109,-0.96,0.14,4.02,3.84,0.96,0.18,0.62
0274,9142,-0.94,0.14,4.00,3.83,0.94,0.18,0.84
0275,9176,-0.92,0.14,4.02,3.84,0.92,0.18,0.71
0276,9209,-0.92,0.14,4.02,3.84,0.92,0.18,0.71
0277,9243,-0.92,0.14,4.02,3.84,0.92,0.18,0.81
0278,9276,-0.88,0.14,3.98,3.81,0.88,0.18,0.74
0279,9309,-0.84,0.14,3.90,3.73,0.84,0.21,0.76
0282,9409,-0.84,0.14,3.95,3.78,0.84,0.19,0.81
0283,9443,-0.82,0.14,3.95,3.78,0.82,0.19,0.78
0285,9510,-0.80,0.14,3.98,3.81,0.80,0.19,0.80
0286,9543,-0.80,0.14,3.98,3.81,0.80,0.19,0.80
0287,9576,-0.80,0.14,4.02,3.84,0.80,0.18,0.83
0288,9610,-0.78,0.14,3.98,3.81,0.78,0.19,0.84
0289,9643,-0.77,0.14,4.00,3.83,0.77,0.18,0.85
0290,9676,-0.75,0.14,3.96,3.79,0.75,0.19,0.83
0291,9710,-0.75,0.14,3.96,3.79,0.75,0.19,0.83
0292,9743,-0.71,0.14,3.95,3.78,0.71,0.20,0.82
0293,9776,-0.70,0.14,3.90,3.73,0.70,0.20,0.80
0294,9810,-0.69,0.14,3.91,3.74,0.69,0.20,0.80
0295,9843,-0.70,0.14,4.03,3.86,0.70,0.17,0.56
0296,9877,-0.70,0.14,4.03,3.86,0.70,0.17,0.57
0297,9910,-0.68,0.14,3.98,3.81,0.68,0.19,0.77
0298,9943,-0.65,0.14,3.90,3.73,0.65,0.21,0.80
0299,9977,-0.63,0.14,3.98,3.81,0.63,0.19,0.82
0300,10010,-0.61,0.14,3.98,3.81,0.61,0.19,0.79
0301,10043,-0.61,0.14,3.98,3.81,0.61,0.19,0.79
0302,10077,-0.57,0.14,3.90,3.73,0.57,0.20,0.62
0303,10110,-0.54,0.15,3.81,3.65,0.54,0.22,0.75
0304,10143,-0.54,0.15,3.83,3.66,0.54,0.22,0.73
0307,10244,-0.49,0.15,3.69,3.53,0.49,0.25,0.59
0308,10277,-0.49,0.14,3.86,3.69,0.49,0.21,0.76
0309,10310,-0.46,0.14,3.88,3.71,0.46,0.21,0.77
0310,10344,-0.39,0.16,3.55,3.39,0.39,0.28,0.66
0311,10377,-0.39,0.16,3.53,3.37,0.39,0.28,0.64
0312,10410,-0.40,0.14,3.86,3.69,0.40,0.21,0.61
0314,10477,-0.34,0.15,3.68,3.51,0.34,0.25,0.54
0315,10510,-0.34,0.14,3.91,3.74,0.34,0.20,0.74
0316,10544,-0.34,0.14,3.91,3.74,0.34,0.20,0.74
0317,10577,-0.28,0.17,3.40,3.24,0.28,0.31,0.54
0318,10611,-0.28,0.16,3.58,3.41,0.28,0.27,0.67
0319,10644,-0.27,0.15,3.78,3.62,0.27,0.23,0.79
0320,10677,-0.25,0.16,3.59,3.43,0.25,0.27,0.65
0321,10711,-0.25,0.16,3.58,3.41,0.25,0.27,0.65
0322,10744,-0.23,0.15,3.68,3.51,0.23,0.25,0.73
0323,10777,-0.21,0.15,3.69,3.53,0.21,0.25,0.84
0324,10811,-0.20,0.15,3.71,3.54,0.20,0.25,0.82
0325,10844,-0.17,0.15,3.72,3.55,0.17,0.24,0.81
0326,10878,-0.17,0.15,3.72,3.55,0.17,0.24,0.81
0327,10911,-0.16,0.16,3.72,3.55,0.16,0.24,0.84
0328,10944,-0.14,0.15,3.77,3.60,0.14,0.23,0.83
0329,10978,-0.13,0.15,3.69,3.53,0.13,0.25,0.83
0330,11011,-0.11,0.15,3.66,3.50,0.11,0.25,0.82
0331,11044,-0.11,0.15,3.66,3.50,0.11,0.25,0.82
0332,11078,-0.08,0.15,3.74,3.57,0.08,0.24,0.84
0333,11111,-0.06,0.15,3.75,3.59,0.06,0.24,0.84
0334,11144,-0.04,0.15,3.74,3.57,0.04,0.24,0.70
0335,11178,-0.02,0.15,3.78,3.62,0.02,0.23,0.85
0336,11211,-0.02,0.15,3.78,3.62,0.02,0.23,0.85
0337,11245,-0.00,0.15,3.68,3.51,0.00,0.25,0.83
0338,11278,0.01,0.15,3.63,3.47,-0.01,0.26,0.83
0339,11311,0.03,0.15,3.69,3.53,-0.03,0.25,0.85
0340,11345,0.05,0.15,3.75,3.59,-0.05,0.24,0.84
0341,11378,0.05,0.15,3.75,3.59,-0.05,0.24,0.84
0342,11411,0.08,0.15,3.74,3.57,-0.08,0.24,0.83
0343,11445,0.09,0.15,3.71,3.54,-0.09,0.25,0.71
0344,11478,0.12,0.15,3.75,3.58,-0.12,0.23,0.84
0345,11512,0.13,0.15,3.72,3.55,-0.13,0.24,0.83
0346,11545,0.13,0.15,3.72,3.55,-0.13,0.24,0.83
0347,11578,0.15,0.15,3.71,3.54,-0.15,0.25,0.84
0348,11612,0.16,0.15,3.72,3.56,-0.16,0.24,0.85
0349,11645,0.18,0.15,3.72,3.56,-0.18,0.24,0.86
0350,11678,0.20,0.15,3.74,3.57,-0.20,0.24,0.84
0351,11712,0.20,0.15,3.74,3.57,-0.20,0.24,0.84
0352,11745,0.21,0.15,3.74,3.57,-0.21,0.24,0.82
0353,11778,0.23,0.15,3.74,3.57,-0.23,0.24,0.82
0354,11812,0.24,0.15,3.68,3.51,-0.24,0.25,0.81
0355,11845,0.24,0.16,3.51,3.34,-0.24,0.29,0.79
0356,11879,0.24,0.16,3.51,3.34,-0.24,0.29,0.78
0357,11912,0.26,0.15,3.68,3.51,-0.26,0.25,0.82
0358,11945,0.27,0.15,3.68,3.51,-0.27,0.25,0.83
0359,11979,0.28,0.15,3.65,3.48,-0.28,0.26,0.85
0360,12012,0.30,0.15,3.65,3.48,-0.30,0.26,0.87
0361,12045,0.30,0.15,3.65,3.48,-0.30,0.26,0.87
0362,12079,0.31,0.15,3.62,3.45,-0.31,0.27,0.86
0363,12112,0.32,0.15,3.65,3.48,-0.32,0.26,0.85
0364,12145,0.33,0.15,3.65,3.48,-0.33,0.26,0.83
0365,12179,0.36,0.16,3.68,3.51,-0.36,0.25,0.85
0366,12212,0.36,0.16,3.68,3.51,-0.36,0.25,0.85
0367,12246,0.36,0.15,3.65,3.48,-0.36,0.26,0.86
0368,12279,0.37,0.16,3.63,3.47,-0.37,0.26,0.86
0369,12312,0.37,0.16,3.62,3.45,-0.37,0.26,0.85
0370,12346,0.38,0.16,3.62,3.45,-0.38,0.26,0.84
0371,12379,0.38,0.16,3.62,3.45,-0.38,0.26,0.84
0372,12412,0.38,0.16,3.59,3.43,-0.38,0.27,0.84
0373,12446,0.39,0.16,3.56,3.40,-0.39,0.28,0.85
0374,12479,0.39,0.16,3.53,3.37,-0.39,0.28,0.85
0375,12513,0.41,0.16,3.53,3.37,-0.41,0.28,0.86
0376,12546,0.41,0.16,3.53,3.37,-0.41,0.28,0.86
0377,12579,0.41,0.16,3.53,3.37,-0.41,0.28,0.87
0378,12613,0.42,0.16,3.53,3.37,-0.42,0.28,0.87
0379,12646,0.42,0.16,3.53,3.37,-0.42,0.28,0.87
0380,12679,0.43,0.16,3.55,3.39,-0.43,0.28,0.86
0381,12713,0.43,0.16,3.55,3.39,-0.43,0.28,0.86
0382,12746,0.43,0.16,3.53,3.37,-0.43,0.28,0.86
0383,12779,0.44,0.16,3.51,3.35,-0.44,0.29,0.85
0384,12813,0.45,0.16,3.52,3.36,-0.45,0.29,0.85
0385,12846,0.45,0.16,3.52,3.36,-0.45,0.29,0.84
0386,12880,0.45,0.16,3.52,3.36,-0.45,0.29,0.84
0387,12913,0.45,0.16,3.49,3.33,-0.45,0.29,0.84
0388,12946,0.45,0.16,3.44,3.28,-0.45,0.30,0.84
0389,12980,0.45,0.16,3.44,3.28,-0.45,0.30,0.83
0390,13013,0.45,0.16,3.44,3.28,-0.45,0.30,0.83
0391,13046,0.45,0.16,3.44,3.28,-0.45,0.30,0.83
0392,13080,0.45,0.16,3.47,3.31,-0.45,0.30,0.57
0394,13146,0.45,0.16,3.43,3.27,-0.45,0.30,0.81
0395,13180,0.44,0.17,3.41,3.26,-0.44,0.31,0.83
0396,13213,0.44,0.17,3.41,3.26,-0.44,0.31,0.83
0397,13247,0.43,0.17,3.39,3.23,-0.43,0.31,0.84
0398,13280,0.43,0.17,3.35,3.19,-0.43,0.32,0.84
0399,13313,0.42,0.17,3.35,3.19,-0.42,0.32,0.84
0400,13347,0.42,0.17,3.36,3.21,-0.42,0.32,0.84
0401,13380,0.42,0.17,3.36,3.21,-0.42,0.32,0.84
0402,13413,0.40,0.17,3.34,3.18,-0.40,0.32,0.85
0403,13447,0.38,0.17,3.31,3.16,-0.38,0.33,0.84
0404,13480,0.38,0.18,3.30,3.15,-0.38,0.33,0.84
0405,13514,0.37,0.18,3.30,3.14,-0.37,0.32,0.84
0406,13547,0.37,0.18,3.30,3.14,-0.37,0.32,0.84
0407,13580,0.37,0.18,3.30,3.15,-0.37,0.33,0.85
0408,13614,0.36,0.18,3.28,3.12,-0.36,0.33,0.85
0409,13647,0.35,0.18,3.28,3.12,-0.35,0.33,0.86
0410,13680,0.35,0.18,3.28,3.12,-0.35,0.33,0.85
0411,13714,0.35,0.18,3.28,3.12,-0.35,0.33,0.85
0412,13747,0.34,0.18,3.28,3.12,-0.34,0.33,0.86
0413,13780,0.33,0.18,3.29,3.13,-0.33,0.32,0.85
0414,13814,0.32,0.18,3.27,3.11,-0.32,0.33,0.69
0415,13847,0.31,0.18,3.28,3.12,-0.31,0.32,0.80
0416,13881,0.31,0.18,3.28,3.12,-0.31,0.32,0.80
0417,13914,0.30,0.18,3.30,3.14,-0.30,0.32,0.83
0418,13947,0.30,0.18,3.29,3.13,-0.30,0.32,0.82
0419,13981,0.28,0.19,3.23,3.07,-0.28,0.33,0.82
0420,14014,0.28,0.19,3.27,3.11,-0.28,0.32,0.82
0421,14047,0.28,0.19,3.27,3.11,-0.28,0.32,0.82
0422,14081,0.25,0.18,3.24,3.09,-0.25,0.33,0.83
0423,14114,0.22,0.19,3.30,3.14,-0.22,0.31,0.86
0424,14147,0.21,0.19,3.31,3.15,-0.21,0.31,0.85
0425,14181,0.19,0.18,3.23,3.07,-0.19,0.33,0.81
0426,14214,0.19,0.18,3.23,3.07,-0.19,0.33,0.81
0427,14248,0.17,0.18,3.24,3.09,-0.17,0.33,0.82
0428,14281,0.15,0.19,3.28,3.12,-0.15,0.32,0.81
0429,14314,0.13,0.19,3.30,3.14,-0.13,0.31,0.81
0430,14348,0.12,0.20,3.30,3.14,-0.12,0.31,0.80
0431,14381,0.12,0.20,3.30,3.14,-0.12,0.31,0.80
0432,14414,0.10,0.19,3.33,3.16,-0.10,0.30,0.81
0433,14448,0.08,0.18,3.27,3.11,-0.08,0.33,0.80
0434,14481,0.04,0.19,3.30,3.14,-0.04,0.32,0.77
0435,14514,0.03,0.19,3.33,3.16,-0.03,0.31,0.76
0436,14548,0.03,0.19,3.33,3.16,-0.03,0.31,0.76
0437,14581,0.01,0.19,3.35,3.19,-0.01,0.30,0.80
0438,14615,-0.00,0.20,3.31,3.15,0.00,0.30,0.83
0439,14648,-0.02,0.19,3.33,3.16,0.02,0.30,0.82
0440,14681,-0.06,0.19,3.23,3.07,0.06,0.33,0.81
0441,14715,-0.06,0.19,3.23,3.07,0.06,0.33,0.81
0442,14748,-0.08,0.19,3.28,3.12,0.08,0.31,0.82
0443,14781,-0.10,0.19,3.27,3.11,0.10,0.32,0.83
0444,14815,-0.12,0.20,3.27,3.11,0.12,0.31,0.81
0445,14848,-0.14,0.19,3.18,3.02,0.14,0.35,0.77
0446,14882,-0.14,0.19,3.18,3.02,0.14,0.35,0.77
0447,14915,-0.17,0.19,3.18,3.02,0.17,0.34,0.79
0448,14948,-0.20,0.19,3.26,3.09,0.20,0.32,0.82
0449,14982,-0.22,0.19,3.22,3.06,0.22,0.33,0.82
0450,15015,-0.24,0.19,3.12,2.97,0.24,0.36,0.81
0451,15048,-0.24,0.19,3.12,2.97,0.24,0.36,0.81
0452,15082,-0.26,0.19,3.15,3.00,0.26,0.35,0.82
0453,15115,-0.29,0.19,3.14,2.99,0.29,0.35,0.80
0454,15148,-0.33,0.20,3.15,3.00,0.33,0.34,0.81
0455,15182,-0.33,0.19,3.09,2.94,0.33,0.37,0.79
0456,15215,-0.33,0.19,3.09,2.94,0.33,0.37,0.79
0457,15249,-0.35,0.19,3.09,2.94,0.35,0.37,0.81
0458,15282,-0.38,0.19,3.11,2.96,0.38,0.36,0.82
0459,15315,-0.41,0.19,3.13,2.98,0.41,0.36,0.83
0460,15349,-0.44,0.19,3.10,2.95,0.44,0.37,0.79
0461,15382,-0.44,0.19,3.10,2.95,0.44,0.37,0.79
0462,15415,-0.47,0.19,3.14,2.99,0.47,0.36,0.79
0463,15449,-0.50,0.19,3.15,3.00,0.50,0.35,0.84
0464,15482,-0.53,0.18,3.15,3.00,0.53,0.36,0.88
0465,15516,-0.55,0.18,3.12,2.97,0.55,0.36,0.83
0466,15549,-0.55,0.18,3.12,2.97,0.55,0.36,0.83
0467,15582,-0.57,0.19,3.12,2.97,0.57,0.36,0.82
0468,15616,-0.60,0.19,3.13,2.98,0.60,0.36,0.83
0469,15649,-0.63,0.19,3.13,2.98,0.63,0.36,0.86
0470,15682,-0.68,0.19,3.15,3.00,0.68,0.35,0.81
0471,15716,-0.68,0.19,3.15,3.00,0.68,0.35,0.81
0472,15749,-0.70,0.19,3.14,2.99,0.70,0.35,0.82
0473,15782,-0.73,0.19,3.17,3.01,0.73,0.35,0.84
0474,15816,-0.76,0.19,3.15,3.00,0.76,0.35,0.86
0475,15849,-0.80,0.19,3.13,2.98,0.80,0.36,0.82
0476,15883,-0.80,0.19,3.13,2.98,0.80,0.36,0.82
0477,15916,-0.83,0.19,3.15,3.00,0.83,0.35,0.82
0478,15949,-0.85,0.19,3.13,2.98,0.85,0.36,0.83
0479,15983,-0.89,0.19,3.18,3.02,0.89,0.35,0.86
0480,16016,-0.90,0.19,3.12,2.97,0.90,0.36,0.79
0481,16049,-0.90,0.19,3.12,2.97,0.90,0.36,0.79
0482,16083,-0.91,0.19,3.11,2.96,0.91,0.36,0.81
0483,16116,-0.94,0.19,3.12,2.97,0.94,0.36,0.82
0484,16149,-0.96,0.19,3.14,2.99,0.96,0.36,0.84
0485,16183,-0.98,0.19,3.14,2.99,0.98,0.35,0.86
0486,16216,-0.98,0.19,3.14,2.99,0.98,0.35,0.86
0487,16250,-1.03,0.19,3.18,3.02,1.03,0.34,0.86
0488,16283,-1.03,0.19,3.13,2.98,1.03,0.36,0.81
0489,16316,-1.04,0.19,3.13,2.98,1.04,0.36,0.83
0490,16350,-1.07,0.19,3.18,3.02,1.07,0.35,0.83
0491,16383,-1.07,0.19,3.18,3.02,1.07,0.35,0.83
0492,16416,-1.08,0.19,3.19,3.03,1.08,0.35,0.82
0493,16450,-1.11,0.18,3.21,3.05,1.11,0.34,0.83
0494,16483,-1.14,0.19,3.21,3.05,1.14,0.34,0.86
0495,16516,-1.16,0.19,3.24,3.08,1.16,0.33,0.87
0496,16550,-1.16,0.19,3.24,3.08,1.16,0.33,0.87
0497,16583,-1.17,0.19,3.24,3.08,1.17,0.32,0.87
0498,16617,-1.17,0.19,3.23,3.07,1.17,0.33,0.87
0499,16650,-1.18,0.19,3.24,3.08,1.18,0.32,0.86
0500,16683,-1.17,0.19,3.21,3.05,1.17,0.34,0.82
0501,16717,-1.17,0.19,3.21,3.05,1.17,0.34,0.82
0502,16750,-1.18,0.19,3.21,3.05,1.18,0.34,0.83
0503,16783,-1.18,0.19,3.21,3.05,1.18,0.34,0.83
0504,16817,-1.18,0.19,3.21,3.05,1.18,0.34,0.83
0505,16850,-1.18,0.19,3.21,3.05,1.18,0.34,0.83
0506,16884,-1.18,0.19,3.21,3.05,1.18,0.34,0.84
0507,16917,-1.18,0.19,3.21,3.05,1.18,0.34,0.83
0508,16950,-1.18,0.19,3.21,3.05,1.18,0.34,0.83
0509,16984,-1.17,0.19,3.20,3.04,1.17,0.34,0.83
0510,17017,-1.17,0.19,3.19,3.03,1.17,0.35,0.83
0511,17050,-1.17,0.19,3.19,3.03,1.17,0.35,0.83
0512,17084,-1.17,0.19,3.19,3.03,1.17,0.34,0.83
0513,17117,-1.16,0.19,3.18,3.02,1.16,0.35,0.83
0514,17150,-1.18,0.19,3.24,3.08,1.18,0.32,0.54
0515,17184,-1.18,0.19,3.24,3.08,1.18,0.32,0.87
0516,17217,-1.18,0.19,3.24,3.08,1.18,0.32,0.87
0517,17251,-1.17,0.19,3.23,3.07,1.17,0.33,0.87
0518,17284,-1.15,0.19,3.20,3.04,1.15,0.34,0.87
0519,17317,-1.15,0.19,3.21,3.05,1.15,0.34,0.86
0520,17351,-1.14,0.19,3.22,3.06,1.14,0.34,0.85
0521,17384,-1.14,0.19,3.22,3.06,1.14,0.34,0.85
0522,17417,-1.11,0.19,3.18,3.02,1.11,0.35,0.84
0523,17451,-1.09,0.18,3.17,3.01,1.09,0.35,0.83
0524,17484,-1.07,0.19,3.14,2.99,1.07,0.36,0.83
0525,17518,-1.04,0.19,3.10,2.95,1.04,0.36,0.83
0526,17551,-1.04,0.19,3.10,2.95,1.04,0.36,0.83
0527,17584,-1.05,0.19,3.17,3.01,1.05,0.35,0.83
0528,17618,-1.04,0.19,3.17,3.01,1.04,0.35,0.82
0529,17651,-1.02,0.19,3.15,3.00,1.02,0.35,0.82
0530,17684,-1.02,0.19,3.20,3.04,1.02,0.34,0.86
0531,17718,-1.02,0.19,3.20,3.04,1.02,0.34,0.86
0532,17751,-0.99,0.19,3.20,3.04,0.99,0.34,0.86
0533,17784,-0.97,0.18,3.18,3.02,0.97,0.35,0.86
0534,17818,-0.95,0.19,3.17,3.01,0.95,0.35,0.84
0535,17851,-0.95,0.19,3.21,3.05,0.95,0.34,0.82
0536,17885,-0.94,0.19,3.20,3.04,0.94,0.34,0.82
0537,17918,-0.94,0.19,3.21,3.05,0.94,0.34,0.83
0538,17951,-0.92,0.18,3.20,3.04,0.92,0.35,0.79
0539,17985,-0.91,0.18,3.21,3.05,0.91,0.34,0.86
0540,18018,-0.88,0.18,3.20,3.04,0.88,0.35,0.85
0541,18051,-0.88,0.18,3.20,3.04,0.88,0.35,0.85
0542,18085,-0.87,0.18,3.22,3.06,0.87,0.34,0.85
0543,18118,-0.85,0.18,3.21,3.05,0.85,0.34,0.82
0544,18151,-0.83,0.18,3.21,3.05,0.83,0.34,0.84
0545,18185,-0.82,0.18,3.22,3.06,0.82,0.34,0.81
0546,18218,-0.82,0.18,3.22,3.06,0.82,0.34,0.80
0547,18252,-0.79,0.19,3.22,3.06,0.79,0.34,0.84
0548,18285,-0.76,0.18,3.22,3.06,0.76,0.34,0.86
0549,18318,-0.75,0.18,3.23,3.08,0.75,0.34,0.84
0550,18352,-0.73,0.18,3.24,3.09,0.73,0.33,0.81
0551,18385,-0.73,0.18,3.24,3.09,0.73,0.33,0.81
0552,18418,-0.71,0.18,3.23,3.08,0.71,0.34,0.80
0553,18452,-0.68,0.18,3.24,3.09,0.68,0.33,0.86
0554,18485,-0.66,0.18,3.24,3.09,0.66,0.34,0.87
0555,18518,-0.64,0.18,3.24,3.09,0.64,0.34,0.85
0556,18552,-0.64,0.18,3.24,3.09,0.64,0.34,0.85
0557,18585,-0.62,0.18,3.24,3.09,0.62,0.34,0.82
0558,18619,-0.59,0.18,3.24,3.09,0.59,0.34,0.83
0559,18652,-0.57,0.18,3.27,3.11,0.57,0.33,0.87
0560,18685,-0.55,0.18,3.26,3.10,0.55,0.33,0.88
0561,18719,-0.55,0.18,3.26,3.10,0.55,0.33,0.88
0562,18752,-0.53,0.18,3.26,3.10,0.53,0.33,0.85
0563,18785,-0.50,0.18,3.23,3.08,0.50,0.34,0.82
0564,18819,-0.48,0.18,3.26,3.10,0.48,0.33,0.82
0565,18852,-0.45,0.18,3.27,3.11,0.45,0.33,0.86
0566,18886,-0.45,0.18,3.27,3.11,0.45,0.33,0.86
0567,18919,-0.43,0.18,3.26,3.10,0.43,0.33,0.86
0568,18952,-0.41,0.18,3.27,3.11,0.41,0.33,0.84
0569,18986,-0.39,0.18,3.27,3.11,0.39,0.33,0.81
0570,19019,-0.37,0.18,3.26,3.10,0.37,0.34,0.82
0571,19052,-0.37,0.18,3.26,3.10,0.37,0.34,0.82
0572,19086,-0.35,0.18,3.28,3.12,0.35,0.33,0.86
0573,19119,-0.32,0.18,3.27,3.11,0.32,0.33,0.87
0574,19152,-0.30,0.18,3.27,3.11,0.30,0.33,0.85
0575,19186,-0.28,0.18,3.28,3.12,0.28,0.33,0.80
0576,19219,-0.28,0.18,3.28,3.12,0.28,0.33,0.80
0577,19253,-0.25,0.18,3.29,3.13,0.25,0.33,0.80
0578,19286,-0.23,0.18,3.27,3.11,0.23,0.33,0.85
0579,19319,-0.21,0.18,3.26,3.10,0.21,0.34,0.86
0580,19353,-0.19,0.17,3.26,3.10,0.19,0.34,0.85
0581,19386,-0.19,0.17,3.26,3.10,0.19,0.34,0.85
0582,19419,-0.18,0.17,3.27,3.11,0.18,0.34,0.83
0583,19453,-0.15,0.18,3.29,3.13,0.15,0.33,0.83
0584,19486,-0.14,0.18,3.29,3.13,0.14,0.33,0.82
0585,19520,-0.13,0.18,3.28,3.12,0.13,0.33,0.86
0586,19553,-0.13,0.18,3.28,3.12,0.13,0.33,0.86
0587,19586,-0.09,0.17,3.27,3.11,0.09,0.34,0.86
0588,19620,-0.07,0.17,3.28,3.12,0.07,0.33,0.85
0589,19653,-0.05,0.18,3.30,3.14,0.05,0.32,0.85
0590,19686,-0.04,0.18,3.30,3.14,0.04,0.32,0.84
0591,19720,-0.04,0.18,3.30,3.14,0.04,0.32,0.84
0592,19753,-0.02,0.18,3.30,3.14,0.02,0.32,0.81
0593,19786,-0.00,0.18,3.34,3.18,0.00,0.31,0.86
0594,19820,0.02,0.18,3.33,3.17,-0.02,0.32,0.84
0595,19853,0.05,0.18,3.30,3.14,-0.05,0.32,0.84
0596,19887,0.05,0.18,3.30,3.14,-0.05,0.32,0.84
0597,19920,0.06,0.18,3.33,3.17,-0.06,0.32,0.84
0598,19953,0.08,0.18,3.34,3.18,-0.08,0.32,0.83
0599,19987,0.09,0.17,3.30,3.15,-0.09,0.33,0.83
0600,20020,0.10,0.18,3.30,3.14,-0.10,0.32,0.84
0601,20053,0.10,0.18,3.30,3.14,-0.10,0.32,0.84
0602,20087,0.13,0.17,3.30,3.15,-0.13,0.33,0.82
0603,20120,0.15,0.17,3.31,3.16,-0.15,0.32,0.81
0604,20153,0.17,0.18,3.33,3.17,-0.17,0.32,0.77
0605,20187,0.18,0.18,3.29,3.13,-0.18,0.33,0.62
0606,20220,0.18,0.18,3.29,3.13,-0.18,0.33,0.62
0607,20254,0.20,0.17,3.35,3.19,-0.20,0.31,0.80
0608,20287,0.20,0.18,3.35,3.19,-0.20,0.31,0.81
0609,20320,0.22,0.18,3.34,3.18,-0.22,0.31,0.82
0610,20354,0.24,0.17,3.35,3.19,-0.24,0.32,0.82
0611,20387,0.24,0.17,3.35,3.19,-0.24,0.32,0.82
0612,20420,0.26,0.17,3.38,3.22,-0.26,0.31,0.83
0613,20454,0.28,0.17,3.34,3.18,-0.28,0.32,0.82
0614,20487,0.30,0.17,3.36,3.21,-0.30,0.32,0.81
0615,20521,0.30,0.17,3.34,3.18,-0.30,0.32,0.82
0616,20554,0.30,0.17,3.34,3.18,-0.30,0.32,0.82
0617,20587,0.31,0.17,3.36,3.21,-0.31,0.32,0.82
0618,20621,0.33,0.16,3.45,3.29,-0.33,0.30,0.80
0619,20654,0.33,0.17,3.45,3.29,-0.33,0.30,0.82
0620,20687,0.33,0.17,3.41,3.25,-0.33,0.30,0.83
0621,20721,0.33,0.17,3.41,3.25,-0.33,0.30,0.83
0622,20754,0.34,0.17,3.40,3.24,-0.34,0.31,0.83
0623,20787,0.36,0.16,3.45,3.29,-0.36,0.30,0.84
0624,20821,0.36,0.16,3.45,3.29,-0.36,0.30,0.84
0625,20854,0.37,0.16,3.49,3.33,-0.37,0.29,0.84
0626,20888,0.37,0.16,3.49,3.33,-0.37,0.29,0.84
0627,20921,0.38,0.16,3.53,3.37,-0.38,0.28,0.82
0628,20954,0.39,0.16,3.55,3.39,-0.39,0.28,0.83
0629,20988,0.40,0.15,3.58,3.41,-0.40,0.28,0.84
0630,21021,0.40,0.15,3.56,3.40,-0.40,0.28,0.83
0631,21054,0.40,0.15,3.56,3.40,-0.40,0.28,0.83
0632,21088,0.40,0.16,3.53,3.37,-0.40,0.28,0.83
0633,21121,0.40,0.16,3.55,3.39,-0.40,0.28,0.83
0634,21154,0.41,0.15,3.58,3.41,-0.41,0.28,0.82
0635,21188,0.40,0.15,3.58,3.41,-0.40,0.28,0.81
0636,21221,0.40,0.15,3.58,3.41,-0.40,0.28,0.82
0637,21255,0.40,0.15,3.58,3.41,-0.40,0.28,0.80
0638,21288,0.40,0.15,3.56,3.40,-0.40,0.28,0.76
0639,21321,0.40,0.15,3.55,3.39,-0.40,0.28,0.73
0640,21355,0.41,0.15,3.58,3.41,-0.41,0.28,0.78
0641,21388,0.41,0.15,3.58,3.41,-0.41,0.28,0.78
0642,21421,0.41,0.15,3.62,3.46,-0.41,0.27,0.75
0643,21455,0.41,0.15,3.65,3.48,-0.41,0.26,0.68
0644,21488,0.41,0.15,3.69,3.53,-0.41,0.25,0.75
0645,21522,0.41,0.14,3.69,3.53,-0.41,0.26,0.80
0646,21555,0.41,0.14,3.69,3.53,-0.41,0.26,0.80
0647,21588,0.41,0.14,3.74,3.57,-0.41,0.25,0.77
0648,21622,0.41,0.14,3.69,3.53,-0.41,0.26,0.68
0649,21655,0.41,0.14,3.75,3.59,-0.41,0.24,0.73
0650,21688,0.41,0.14,3.74,3.57,-0.41,0.24,0.65
0651,21722,0.41,0.14,3.74,3.57,-0.41,0.24,0.64
0652,21755,0.42,0.14,3.81,3.65,-0.42,0.23,0.74
0653,21788,0.43,0.14,3.91,3.74,-0.43,0.20,0.80
0654,21822,0.43,0.14,3.95,3.78,-0.43,0.20,0.81
0655,21855,0.42,0.14,3.83,3.66,-0.42,0.22,0.82
0656,21889,0.42,0.14,3.83,3.66,-0.42,0.22,0.82
0657,21922,0.42,0.14,3.80,3.63,-0.42,0.23,0.81
0658,21955,0.42,0.14,3.80,3.63,-0.42,0.23,0.81
0659,21989,0.43,0.14,3.96,3.79,-0.43,0.19,0.76
0660,22022,0.41,0.14,3.85,3.68,-0.41,0.22,0.81
0661,22055,0.41,0.14,3.85,3.68,-0.41,0.22,0.81
0662,22089,0.41,0.13,3.98,3.81,-0.41,0.19,0.77
0663,22122,0.41,0.13,3.88,3.71,-0.41,0.22,0.82
0664,22155,0.42,0.13,4.00,3.83,-0.42,0.19,0.80
0665,22189,0.42,0.13,3.96,3.79,-0.42,0.20,0.80
0666,22222,0.43,0.13,4.11,3.93,-0.43,0.17,0.82
0667,22256,0.43,0.13,4.16,3.99,-0.43,0.15,0.81
0668,22289,0.43,0.13,4.16,3.99,-0.43,0.15,0.81
0669,22322,0.43,0.13,4.11,3.93,-0.43,0.16,0.81
0670,22356,0.42,0.13,4.07,3.90,-0.42,0.17,0.81
0671,22389,0.43,0.13,4.09,3.92,-0.43,0.17,0.80
0672,22422,0.42,0.13,4.02,3.85,-0.42,0.18,0.77
0673,22456,0.42,0.13,4.02,3.85,-0.42,0.18,0.77
0674,22489,0.43,0.13,4.05,3.88,-0.43,0.18,0.78
0675,22522,0.42,0.13,4.00,3.83,-0.42,0.19,0.77
0676,22556,0.42,0.13,3.96,3.79,-0.42,0.20,0.77
0677,22589,0.41,0.14,3.88,3.71,-0.41,0.21,0.78
0678,22623,0.41,0.14,3.88,3.71,-0.41,0.21,0.78
0679,22656,0.41,0.14,3.90,3.73,-0.41,0.21,0.78
0680,22689,0.41,0.13,3.93,3.76,-0.41,0.20,0.79
0681,22723,0.41,0.14,3.91,3.74,-0.41,0.20,0.81
0682,22756,0.42,0.14,3.91,3.74,-0.42,0.20,0.81
0683,22789,0.42,0.14,3.91,3.74,-0.42,0.20,0.81
0684,22823,0.43,0.14,4.00,3.83,-0.43,0.18,0.79
0685,22856,0.41,0.15,3.88,3.71,-0.41,0.21,0.74
0686,22890,0.43,0.14,3.95,3.78,-0.43,0.19,0.71
0687,22923,0.40,0.15,3.65,3.48,-0.40,0.26,0.76
0688,22956,0.40,0.15,3.65,3.48,-0.40,0.26,0.76
0689,22990,0.41,0.15,3.63,3.47,-0.41,0.26,0.79
0690,23023,0.42,0.15,3.68,3.51,-0.42,0.25,0.76
0691,23056,0.42,0.15,3.63,3.47,-0.42,0.26,0.79
0692,23090,0.41,0.16,3.56,3.40,-0.41,0.28,0.79
0693,23123,0.41,0.16,3.56,3.40,-0.41,0.28,0.79
0694,23156,0.42,0.16,3.56,3.40,-0.42,0.28,0.78
0695,23190,0.43,0.16,3.58,3.41,-0.43,0.27,0.77
0696,23223,0.44,0.16,3.62,3.45,-0.44,0.26,0.74
0697,23257,0.44,0.16,3.60,3.44,-0.44,0.27,0.73
0698,23290,0.44,0.16,3.60,3.44,-0.44,0.27,0.73
0699,23323,0.46,0.15,3.66,3.50,-0.46,0.25,0.70
0700,23357,0.49,0.15,3.71,3.54,-0.49,0.24,0.61
0704,23490,0.52,0.14,3.52,3.36,-0.52,0.30,0.58
0705,23524,0.51,0.15,3.51,3.35,-0.51,0.30,0.56
0706,23557,0.48,0.15,3.47,3.31,-0.48,0.31,0.62
0707,23590,0.48,0.16,3.52,3.36,-0.48,0.29,0.57
0708,23624,0.48,0.16,3.52,3.36,-0.48,0.29,0.58
0710,23690,0.47,0.16,3.62,3.45,-0.47,0.26,0.55
0711,23724,0.48,0.16,3.60,3.44,-0.48,0.26,0.53
0712,23757,0.47,0.16,3.60,3.44,-0.47,0.26,0.56
0713,23790,0.47,0.16,3.60,3.44,-0.47,0.26,0.56
0714,23824,0.45,0.16,3.59,3.42,-0.45,0.26,0.60
0715,23857,0.45,0.17,3.58,3.41,-0.45,0.27,0.57
0719,23991,0.41,0.16,3.65,3.48,-0.41,0.25,0.61
0720,24024,0.39,0.16,3.63,3.47,-0.39,0.25,0.64
0721,24057,0.38,0.16,3.69,3.52,-0.38,0.24,0.70
0722,24091,0.39,0.16,3.75,3.58,-0.39,0.22,0.61
0723,24124,0.39,0.16,3.75,3.58,-0.39,0.22,0.61
0727,24258,0.34,0.15,3.96,3.79,-0.34,0.18,0.67
0728,24291,0.34,0.15,3.96,3.79,-0.34,0.18,0.67
0729,24324,0.34,0.15,4.07,3.89,-0.34,0.15,0.66
0730,24358,0.32,0.16,3.91,3.74,-0.32,0.18,0.60
0731,24391,0.31,0.16,3.85,3.67,-0.31,0.20,0.57
0732,24424,0.27,0.16,3.95,3.77,-0.27,0.18,0.66
0733,24458,0.27,0.16,3.95,3.77,-0.27,0.18,0.66
0734,24491,0.21,0.17,3.48,3.32,-0.21,0.28,0.67
0735,24524,0.13,0.23,2.27,2.13,-0.13,0.54,0.75
0736,24558,0.12,0.23,2.27,2.13,-0.12,0.54,0.73
0737,24591,0.11,0.23,2.26,2.12,-0.11,0.54,0.61
0738,24625,0.11,0.23,2.26,2.12,-0.11,0.54,0.61
0739,24658,0.15,0.19,3.14,2.99,-0.15,0.35,0.71
0740,24691,0.17,0.15,3.93,3.76,-0.17,0.19,0.74
0741,24725,0.16,0.15,4.02,3.84,-0.16,0.17,0.74
0742,24758,0.15,0.15,4.07,3.89,-0.15,0.16,0.74
0743,24791,0.15,0.14,4.09,3.91,-0.15,0.15,0.74
0744,24825,0.13,0.14,4.05,3.88,-0.13,0.16,0.72
0745,24858,0.11,0.14,3.98,3.81,-0.11,0.18,0.76
0746,24892,0.09,0.15,3.88,3.71,-0.09,0.21,0.76
0747,24925,0.09,0.14,4.09,3.91,-0.09,0.16,0.78
0748,24958,0.09,0.14,4.09,3.91,-0.09,0.16,0.78
0749,24992,0.08,0.14,4.07,3.90,-0.08,0.16,0.75
0750,25025,0.06,0.14,4.05,3.88,-0.06,0.17,0.78
0751,25058,0.04,0.14,4.11,3.93,-0.04,0.15,0.79
0752,25092,0.03,0.14,4.00,3.83,-0.03,0.18,0.81
0753,25125,0.03,0.14,4.02,3.84,-0.03,0.17,0.81
0754,25158,0.03,0.14,4.20,4.02,-0.03,0.13,0.83
0755,25192,0.02,0.13,4.26,4.08,-0.02,0.12,0.78
0756,25225,0.02,0.14,4.34,4.16,-0.02,0.09,0.81
0757,25259,0.01,0.14,4.32,4.14,-0.01,0.10,0.82
0758,25292,0.01,0.14,4.32,4.14,-0.01,0.10,0.82
0759,25325,0.01,0.14,4.28,4.10,-0.01,0.11,0.80
0760,25359,0.00,0.14,4.20,4.02,-0.00,0.13,0.78
0761,25392,-0.01,0.14,4.16,3.99,0.01,0.14,0.79
0762,25425,-0.01,0.14,4.18,4.00,0.01,0.14,0.79
0763,25459,-0.01,0.14,4.18,4.00,0.01,0.14,0.79
0764,25492,-0.01,0.14,4.16,3.99,0.01,0.14,0.78
0765,25526,-0.01,0.14,4.16,3.99,0.01,0.14,0.79
0766,25559,-0.01,0.14,4.11,3.93,0.01,0.15,0.78
0767,25592,-0.01,0.14,4.12,3.95,0.01,0.15,0.78
0768,25626,-0.01,0.14,4.12,3.95,0.01,0.15,0.78
0769,25659,-0.01,0.14,4.16,3.99,0.01,0.14,0.77
0770,25692,-0.01,0.14,4.16,3.99,0.01,0.14,0.77
0771,25726,-0.01,0.14,4.14,3.97,0.01,0.15,0.76
0772,25759,-0.01,0.14,4.20,4.02,0.01,0.13,0.76
0773,25792,-0.01,0.14,4.20,4.02,0.01,0.13,0.76
0774,25826,-0.01,0.14,4.22,4.04,0.01,0.13,0.76
0775,25859,-0.00,0.13,4.28,4.10,0.00,0.11,0.68
0776,25893,-0.01,0.13,4.18,4.01,0.01,0.14,0.79
0777,25926,-0.01,0.13,4.18,4.01,0.01,0.14,0.79
0778,25959,-0.01,0.13,4.18,4.01,0.01,0.14,0.79
0779,25993,-0.01,0.13,4.16,3.99,0.01,0.15,0.79
0780,26026,-0.01,0.13,4.20,4.02,0.01,0.14,0.79
0781,26059,-0.01,0.12,4.32,4.14,0.01,0.11,0.79
0782,26093,-0.00,0.12,4.43,4.24,0.00,0.09,0.82
0783,26126,-0.00,0.12,4.43,4.24,0.00,0.09,0.82
0784,26159,-0.00,0.12,4.45,4.26,0.00,0.08,0.82
0785,26193,-0.00,0.12,4.45,4.26,0.00,0.08,0.83
0786,26226,0.00,0.11,4.56,4.37,-0.00,0.06,0.83
0787,26260,0.00,0.12,4.51,4.33,-0.00,0.07,0.81
0788,26293,0.00,0.12,4.51,4.33,-0.00,0.07,0.81
0789,26326,0.01,0.12,4.40,4.22,-0.01,0.09,0.77
0790,26360,0.01,0.12,4.40,4.22,-0.01,0.09,0.78
0791,26393,0.01,0.12,4.47,4.28,-0.01,0.07,0.66
0792,26426,0.01,0.13,4.45,4.26,-0.01,0.08,0.79
0793,26460,0.01,0.13,4.45,4.26,-0.01,0.08,0.79
0794,26493,0.02,0.12,4.45,4.26,-0.02,0.08,0.81
0795,26527,0.02,0.11,4.54,4.35,-0.02,0.07,0.81
0796,26560,0.02,0.12,4.51,4.33,-0.02,0.07,0.82
0797,26593,0.03,0.11,4.60,4.42,-0.03,0.05,0.83
0798,26627,0.03,0.11,4.60,4.42,-0.03,0.05,0.83
0799,26660,0.04,0.11,4.60,4.42,-0.04,0.05,0.84
0800,26693,0.05,0.12,4.58,4.39,-0.05,0.05,0.57
0801,26727,0.06,0.11,4.60,4.42,-0.06,0.05,0.78
0802,26760,0.06,0.11,4.56,4.37,-0.06,0.06,0.80
0803,26793,0.06,0.11,4.56,4.37,-0.06,0.06,0.80
0804,26827,0.07,0.12,4.51,4.33,-0.07,0.07,0.66
0806,26894,0.07,0.11,4.56,4.37,-0.07,0.06,0.60
0807,26927,0.07,0.12,4.51,4.33,-0.07,0.07,0.57
0808,26960,0.07,0.12,4.51,4.33,-0.07,0.07,0.56
0809,26994,0.08,0.11,4.54,4.35,-0.08,0.07,0.56
0810,27027,0.08,0.12,4.54,4.35,-0.08,0.06,0.74
0811,27060,0.08,0.12,4.54,4.35,-0.08,0.06,0.76
0812,27094,0.09,0.12,4.49,4.31,-0.09,0.07,0.72
0813,27127,0.09,0.12,4.49,4.31,-0.09,0.07,0.72
0814,27160,0.09,0.12,4.43,4.24,-0.09,0.09,0.68
0815,27194,0.09,0.12,4.43,4.24,-0.09,0.09,0.65
0816,27227,0.09,0.12,4.43,4.24,-0.09,0.09,0.67
0817,27261,0.10,0.12,4.40,4.22,-0.10,0.09,0.64
0818,27294,0.10,0.12,4.43,4.24,-0.10,0.09,0.64
0819,27327,0.10,0.12,4.43,4.24,-0.10,0.09,0.60
0820,27361,0.10,0.12,4.38,4.20,-0.10,0.10,0.65
0821,27394,0.10,0.12,4.38,4.20,-0.10,0.10,0.62
0822,27427,0.10,0.12,4.45,4.26,-0.10,0.08,0.61
0823,27461,0.10,0.12,4.45,4.26,-0.10,0.08,0.61
0824,27494,0.10,0.12,4.51,4.33,-0.10,0.07,0.62
0825,27528,0.10,0.11,4.56,4.37,-0.10,0.06,0.58
0826,27561,0.10,0.11,4.54,4.35,-0.10,0.07,0.50
0827,27594,0.10,0.12,4.51,4.33,-0.10,0.07,0.50
0829,27661,0.10,0.12,4.51,4.33,-0.10,0.07,0.51
0830,27694,0.10,0.12,4.51,4.33,-0.10,0.07,0.62
0831,27728,0.10,0.12,4.54,4.35,-0.10,0.06,0.62
0832,27761,0.10,0.12,4.51,4.33,-0.10,0.07,0.61
0833,27794,0.10,0.12,4.51,4.33,-0.10,0.07,0.61
0834,27828,0.10,0.12,4.49,4.31,-0.10,0.07,0.63
0835,27861,0.10,0.12,4.45,4.26,-0.10,0.08,0.65
0836,27895,0.10,0.12,4.49,4.31,-0.10,0.07,0.68
0837,27928,0.10,0.12,4.51,4.33,-0.10,0.07,0.74
0838,27961,0.10,0.12,4.51,4.33,-0.10,0.07,0.74
0839,27995,0.10,0.11,4.49,4.31,-0.10,0.08,0.75
0840,28028,0.10,0.11,4.49,4.31,-0.10,0.08,0.76
0841,28061,0.10,0.12,4.51,4.33,-0.10,0.07,0.76
0842,28095,0.10,0.12,4.51,4.33,-0.10,0.07,0.77
0843,28128,0.10,0.12,4.51,4.33,-0.10,0.07,0.77
0844,28161,0.10,0.11,4.54,4.35,-0.10,0.07,0.77
0845,28195,0.10,0.11,4.49,4.31,-0.10,0.08,0.73
0846,28228,0.10,0.11,4.49,4.31,-0.10,0.08,0.72
0847,28262,0.10,0.11,4.47,4.29,-0.10,0.08,0.70
0848,28295,0.10,0.11,4.47,4.29,-0.10,0.08,0.70
0849,28328,0.10,0.11,4.47,4.29,-0.10,0.08,0.70
0850,28362,0.10,0.11,4.47,4.29,-0.10,0.08,0.70
0851,28395,0.10,0.11,4.45,4.27,-0.10,0.09,0.68
0852,28428,0.10,0.11,4.43,4.25,-0.10,0.09,0.63
0853,28462,0.10,0.11,4.43,4.25,-0.10,0.09,0.62
0854,28495,0.10,0.11,4.43,4.25,-0.10,0.09,0.54
0856,28562,0.10,0.11,4.47,4.29,-0.10,0.08,0.52
0861,28729,0.10,0.12,4.51,4.33,-0.10,0.07,0.59
0862,28762,0.10,0.12,4.54,4.35,-0.10,0.06,0.63
0863,28795,0.10,0.12,4.54,4.35,-0.10,0.06,0.63
0864,28829,0.10,0.12,4.54,4.35,-0.10,0.06,0.69
0865,28862,0.10,0.12,4.51,4.33,-0.10,0.07,0.67
0866,28896,0.10,0.12,4.51,4.33,-0.10,0.07,0.64
0867,28929,0.10,0.12,4.51,4.33,-0.10,0.07,0.58
0868,28962,0.10,0.12,4.51,4.33,-0.10,0.07,0.59
0869,28996,0.10,0.12,4.49,4.31,-0.10,0.07,0.60
0874,29162,0.10,0.12,4.51,4.33,-0.10,0.07,0.53
